Vorname;Nachname;Benutzername;dn
Ann;Betz;S000167;"uid=S000167,ou=Deaktiviert,ou=Verwaltung,dc=gertzenstein,dc=local,""inetOrgPerson "
Kjell;Bowen;S000223;"uid=S000223,ou=Deaktiviert,ou=Verwaltung,dc=gertzenstein,dc=local,""inetOrgPerson "
Susanne;Bowers;S000226;"uid=S000226,ou=Deaktiviert,ou=Verwaltung,dc=gertzenstein,dc=local,""inetOrgPerson "
Annica;Brauner;S000263;"uid=S000263,ou=Deaktiviert,ou=Verwaltung,dc=gertzenstein,dc=local,""inetOrgPerson "
Sam;Cole;S000408;"uid=S000408,ou=Deaktiviert,ou=Verwaltung,dc=gertzenstein,dc=local,""inetOrgPerson "
Friederike;Degner;S000452;"uid=S000452,ou=Deaktiviert,ou=Verwaltung,dc=gertzenstein,dc=local,""inetOrgPerson "
Swen;Fleck;S000673;"uid=S000673,ou=Deaktiviert,ou=Verwaltung,dc=gertzenstein,dc=local,""inetOrgPerson "
Teresa;Guenter;S000867;"uid=S000867,ou=Deaktiviert,ou=Verwaltung,dc=gertzenstein,dc=local,""inetOrgPerson "
Annika;Gutjahr;S000871;"uid=S000871,ou=Deaktiviert,ou=Verwaltung,dc=gertzenstein,dc=local,""inetOrgPerson "
Kristina;Gutsche;S000872;"uid=S000872,ou=Deaktiviert,ou=Verwaltung,dc=gertzenstein,dc=local,""inetOrgPerson "
Sabrina;Guettler;S000873;"uid=S000873,ou=Deaktiviert,ou=Verwaltung,dc=gertzenstein,dc=local,""inetOrgPerson "
Jonah;Guzman;S000875;"uid=S000875,ou=Deaktiviert,ou=Verwaltung,dc=gertzenstein,dc=local,""inetOrgPerson "
Sascha;Haack;S000877;"uid=S000877,ou=Deaktiviert,ou=Verwaltung,dc=gertzenstein,dc=local,""inetOrgPerson "
Leif;Haas;S000882;"uid=S000882,ou=Deaktiviert,ou=Verwaltung,dc=gertzenstein,dc=local,""inetOrgPerson "
Wolfgang;Haas;S000883;"uid=S000883,ou=Deaktiviert,ou=Verwaltung,dc=gertzenstein,dc=local,""inetOrgPerson "
Dustin;Habel;S000886;"uid=S000886,ou=Deaktiviert,ou=Verwaltung,dc=gertzenstein,dc=local,""inetOrgPerson "
Kimberley;Haberl;S000887;"uid=S000887,ou=Deaktiviert,ou=Verwaltung,dc=gertzenstein,dc=local,""inetOrgPerson "
Kevin;Haeberle;S000892;"uid=S000892,ou=Deaktiviert,ou=Verwaltung,dc=gertzenstein,dc=local,""inetOrgPerson "
Ann;Haffner;S000901;"uid=S000901,ou=Deaktiviert,ou=Verwaltung,dc=gertzenstein,dc=local,""inetOrgPerson "
Sinah;Haffner;S000903;"uid=S000903,ou=Deaktiviert,ou=Verwaltung,dc=gertzenstein,dc=local,""inetOrgPerson "
Jens;Hafner;S000904;"uid=S000904,ou=Deaktiviert,ou=Verwaltung,dc=gertzenstein,dc=local,""inetOrgPerson "
John;Hafner;S000905;"uid=S000905,ou=Deaktiviert,ou=Verwaltung,dc=gertzenstein,dc=local,""inetOrgPerson "
Annalena;Haegele;S000911;"uid=S000911,ou=Deaktiviert,ou=Verwaltung,dc=gertzenstein,dc=local,""inetOrgPerson "
Holger;Hager;S000914;"uid=S000914,ou=Deaktiviert,ou=Verwaltung,dc=gertzenstein,dc=local,""inetOrgPerson "
Silvia;Hahn;S000917;"uid=S000917,ou=Deaktiviert,ou=Verwaltung,dc=gertzenstein,dc=local,""inetOrgPerson "
Laila;Hamann;S000927;"uid=S000927,ou=Deaktiviert,ou=Verwaltung,dc=gertzenstein,dc=local,""inetOrgPerson "
Anette;Hanson;S000941;"uid=S000941,ou=Deaktiviert,ou=Verwaltung,dc=gertzenstein,dc=local,""inetOrgPerson "
Silke;Hanson;S000942;"uid=S000942,ou=Deaktiviert,ou=Verwaltung,dc=gertzenstein,dc=local,""inetOrgPerson "
Phil;Hardt;S000950;"uid=S000950,ou=Deaktiviert,ou=Verwaltung,dc=gertzenstein,dc=local,""inetOrgPerson "
Kiara;Harmon;S000954;"uid=S000954,ou=Deaktiviert,ou=Verwaltung,dc=gertzenstein,dc=local,""inetOrgPerson "
Petra;Harms;S000955;"uid=S000955,ou=Deaktiviert,ou=Verwaltung,dc=gertzenstein,dc=local,""inetOrgPerson "
Andr;Harper;S000957;"uid=S000957,ou=Deaktiviert,ou=Verwaltung,dc=gertzenstein,dc=local,""inetOrgPerson "
Nelli;Haeussler;S000973;"uid=S000973,ou=Deaktiviert,ou=Verwaltung,dc=gertzenstein,dc=local,""inetOrgPerson "
Klaudia;Haynes;S000978;"uid=S000978,ou=Deaktiviert,ou=Verwaltung,dc=gertzenstein,dc=local,""inetOrgPerson "
Ulrike;Heck;S000980;"uid=S000980,ou=Deaktiviert,ou=Verwaltung,dc=gertzenstein,dc=local,""inetOrgPerson "
Matthias;Heckmann;S000982;"uid=S000982,ou=Deaktiviert,ou=Verwaltung,dc=gertzenstein,dc=local,""inetOrgPerson "
Volker;Heckmann;S000983;"uid=S000983,ou=Deaktiviert,ou=Verwaltung,dc=gertzenstein,dc=local,""inetOrgPerson "
Lotta;Heilmann;S000991;"uid=S000991,ou=Deaktiviert,ou=Verwaltung,dc=gertzenstein,dc=local,""inetOrgPerson "
Maximilian;Heinrich;S000996;"uid=S000996,ou=Deaktiviert,ou=Verwaltung,dc=gertzenstein,dc=local,""inetOrgPerson "
Joelina;Henderson;S001008;"uid=S001008,ou=Deaktiviert,ou=Verwaltung,dc=gertzenstein,dc=local,""inetOrgPerson "
Janne;Hennig;S001011;"uid=S001011,ou=Deaktiviert,ou=Verwaltung,dc=gertzenstein,dc=local,""inetOrgPerson "
Richard;Henning;S001013;"uid=S001013,ou=Deaktiviert,ou=Verwaltung,dc=gertzenstein,dc=local,""inetOrgPerson "
Carsten;Henry;S001019;"uid=S001019,ou=Deaktiviert,ou=Verwaltung,dc=gertzenstein,dc=local,""inetOrgPerson "
Martina;Henschke;S001023;"uid=S001023,ou=Deaktiviert,ou=Verwaltung,dc=gertzenstein,dc=local,""inetOrgPerson "
Baerbel;Hensel;S001025;"uid=S001025,ou=Deaktiviert,ou=Verwaltung,dc=gertzenstein,dc=local,""inetOrgPerson "
Wilhelm;Hentschel;S001028;"uid=S001028,ou=Deaktiviert,ou=Verwaltung,dc=gertzenstein,dc=local,""inetOrgPerson "
Christian;Herbst;S001033;"uid=S001033,ou=Deaktiviert,ou=Verwaltung,dc=gertzenstein,dc=local,""inetOrgPerson "
Jessica;Hermann;S001037;"uid=S001037,ou=Deaktiviert,ou=Verwaltung,dc=gertzenstein,dc=local,""inetOrgPerson "
Justin;Herold;S001040;"uid=S001040,ou=Deaktiviert,ou=Verwaltung,dc=gertzenstein,dc=local,""inetOrgPerson "
Krista;Herr;S001044;"uid=S001044,ou=Deaktiviert,ou=Verwaltung,dc=gertzenstein,dc=local,""inetOrgPerson "
Nathalie;Herrmann;S001047;"uid=S001047,ou=Deaktiviert,ou=Verwaltung,dc=gertzenstein,dc=local,""inetOrgPerson "
Clara;Herter;S001050;"uid=S001050,ou=Deaktiviert,ou=Verwaltung,dc=gertzenstein,dc=local,""inetOrgPerson "
Samantha;Herwig;S001053;"uid=S001053,ou=Deaktiviert,ou=Verwaltung,dc=gertzenstein,dc=local,""inetOrgPerson "
Bastian;Herz;S001054;"uid=S001054,ou=Deaktiviert,ou=Verwaltung,dc=gertzenstein,dc=local,""inetOrgPerson "
Heike;Herzig;S001056;"uid=S001056,ou=Deaktiviert,ou=Verwaltung,dc=gertzenstein,dc=local,""inetOrgPerson "
Annabell;Hessel;S001060;"uid=S001060,ou=Deaktiviert,ou=Verwaltung,dc=gertzenstein,dc=local,""inetOrgPerson "
Michelle;Hessler;S001062;"uid=S001062,ou=Deaktiviert,ou=Verwaltung,dc=gertzenstein,dc=local,""inetOrgPerson "
Jana;Heuser;S001064;"uid=S001064,ou=Deaktiviert,ou=Verwaltung,dc=gertzenstein,dc=local,""inetOrgPerson "
Frieda;Hey;S001065;"uid=S001065,ou=Deaktiviert,ou=Verwaltung,dc=gertzenstein,dc=local,""inetOrgPerson "
Joachim;Heyder;S001066;"uid=S001066,ou=Deaktiviert,ou=Verwaltung,dc=gertzenstein,dc=local,""inetOrgPerson "
Dirk;Heyer;S001068;"uid=S001068,ou=Deaktiviert,ou=Verwaltung,dc=gertzenstein,dc=local,""inetOrgPerson "
Meike;Hicks;S001070;"uid=S001070,ou=Deaktiviert,ou=Verwaltung,dc=gertzenstein,dc=local,""inetOrgPerson "
Niko;Hicks;S001071;"uid=S001071,ou=Deaktiviert,ou=Verwaltung,dc=gertzenstein,dc=local,""inetOrgPerson "
Karoline;Hielscher;S001072;"uid=S001072,ou=Deaktiviert,ou=Verwaltung,dc=gertzenstein,dc=local,""inetOrgPerson "
Lia;Hielscher;S001073;"uid=S001073,ou=Deaktiviert,ou=Verwaltung,dc=gertzenstein,dc=local,""inetOrgPerson "
Katharina;Hilbert;S001074;"uid=S001074,ou=Deaktiviert,ou=Verwaltung,dc=gertzenstein,dc=local,""inetOrgPerson "
Nicholas;Hildebrandt;S001081;"uid=S001081,ou=Deaktiviert,ou=Verwaltung,dc=gertzenstein,dc=local,""inetOrgPerson "
Christin;Hilgers;S001085;"uid=S001085,ou=Deaktiviert,ou=Verwaltung,dc=gertzenstein,dc=local,""inetOrgPerson "
Johannes;Hilgert;S001088;"uid=S001088,ou=Deaktiviert,ou=Verwaltung,dc=gertzenstein,dc=local,""inetOrgPerson "
Alicia;Hill;S001090;"uid=S001090,ou=Deaktiviert,ou=Verwaltung,dc=gertzenstein,dc=local,""inetOrgPerson "
Chantal;Hille;S001091;"uid=S001091,ou=Deaktiviert,ou=Verwaltung,dc=gertzenstein,dc=local,""inetOrgPerson "
Doris;Hillenbrand;S001096;"uid=S001096,ou=Deaktiviert,ou=Verwaltung,dc=gertzenstein,dc=local,""inetOrgPerson "
Kiara;Hiller;S001098;"uid=S001098,ou=Deaktiviert,ou=Verwaltung,dc=gertzenstein,dc=local,""inetOrgPerson "
Simon;Hilpert;S001103;"uid=S001103,ou=Deaktiviert,ou=Verwaltung,dc=gertzenstein,dc=local,""inetOrgPerson "
Jakob;Himmelsbach;S001109;"uid=S001109,ou=Deaktiviert,ou=Verwaltung,dc=gertzenstein,dc=local,""inetOrgPerson "
Svea;Hintz;S001114;"uid=S001114,ou=Deaktiviert,ou=Verwaltung,dc=gertzenstein,dc=local,""inetOrgPerson "
Luk;Hintze;S001116;"uid=S001116,ou=Deaktiviert,ou=Verwaltung,dc=gertzenstein,dc=local,""inetOrgPerson "
Cedric;Hinzmann;S001118;"uid=S001118,ou=Deaktiviert,ou=Verwaltung,dc=gertzenstein,dc=local,""inetOrgPerson "
Miriam;Hof;S001130;"uid=S001130,ou=Deaktiviert,ou=Verwaltung,dc=gertzenstein,dc=local,""inetOrgPerson "
Ilse;Hofbauer;S001132;"uid=S001132,ou=Deaktiviert,ou=Verwaltung,dc=gertzenstein,dc=local,""inetOrgPerson "
Conner;Hoefer;S001135;"uid=S001135,ou=Deaktiviert,ou=Verwaltung,dc=gertzenstein,dc=local,""inetOrgPerson "
Pascal;Hoefer;S001136;"uid=S001136,ou=Deaktiviert,ou=Verwaltung,dc=gertzenstein,dc=local,""inetOrgPerson "
Chantalle;Hoff;S001138;"uid=S001138,ou=Deaktiviert,ou=Verwaltung,dc=gertzenstein,dc=local,""inetOrgPerson "
Leonardo;Hoff;S001139;"uid=S001139,ou=Deaktiviert,ou=Verwaltung,dc=gertzenstein,dc=local,""inetOrgPerson "
Viktoria;Hofmann;S001144;"uid=S001144,ou=Deaktiviert,ou=Verwaltung,dc=gertzenstein,dc=local,""inetOrgPerson "
Jens;Hoehn;S001149;"uid=S001149,ou=Deaktiviert,ou=Verwaltung,dc=gertzenstein,dc=local,""inetOrgPerson "
Fabio;Hoehne;S001153;"uid=S001153,ou=Deaktiviert,ou=Verwaltung,dc=gertzenstein,dc=local,""inetOrgPerson "
John;Holland;S001154;"uid=S001154,ou=Deaktiviert,ou=Verwaltung,dc=gertzenstein,dc=local,""inetOrgPerson "
Marco;Holloway;S001155;"uid=S001155,ou=Deaktiviert,ou=Verwaltung,dc=gertzenstein,dc=local,""inetOrgPerson "
Luis;Holmes;S001157;"uid=S001157,ou=Deaktiviert,ou=Verwaltung,dc=gertzenstein,dc=local,""inetOrgPerson "
Reinhard;Holmes;S001159;"uid=S001159,ou=Deaktiviert,ou=Verwaltung,dc=gertzenstein,dc=local,""inetOrgPerson "
Mariella;Hoermann;S001161;"uid=S001161,ou=Deaktiviert,ou=Verwaltung,dc=gertzenstein,dc=local,""inetOrgPerson "
Vanessa;Horst;S001165;"uid=S001165,ou=Deaktiviert,ou=Verwaltung,dc=gertzenstein,dc=local,""inetOrgPerson "
Willi;Horstmann;S001166;"uid=S001166,ou=Deaktiviert,ou=Verwaltung,dc=gertzenstein,dc=local,""inetOrgPerson "
John;Hubbard;S001173;"uid=S001173,ou=Deaktiviert,ou=Verwaltung,dc=gertzenstein,dc=local,""inetOrgPerson "
Sofie;Hubbard;S001175;"uid=S001175,ou=Deaktiviert,ou=Verwaltung,dc=gertzenstein,dc=local,""inetOrgPerson "
Christel;Huber;S001176;"uid=S001176,ou=Deaktiviert,ou=Verwaltung,dc=gertzenstein,dc=local,""inetOrgPerson "
Mona;Hammel;S001187;"uid=S001187,ou=Deaktiviert,ou=Verwaltung,dc=gertzenstein,dc=local,""inetOrgPerson "
Mona;Hummel;S001188;"uid=S001188,ou=Deaktiviert,ou=Verwaltung,dc=gertzenstein,dc=local,""inetOrgPerson "
Holger;Imhof;S001191;"uid=S001191,ou=Deaktiviert,ou=Verwaltung,dc=gertzenstein,dc=local,""inetOrgPerson "
Gabriel;Jaeger;S001199;"uid=S001199,ou=Deaktiviert,ou=Verwaltung,dc=gertzenstein,dc=local,""inetOrgPerson "
Angelina;Jakob;S001204;"uid=S001204,ou=Deaktiviert,ou=Verwaltung,dc=gertzenstein,dc=local,""inetOrgPerson "
Erika;James;S001210;"uid=S001210,ou=Deaktiviert,ou=Verwaltung,dc=gertzenstein,dc=local,""inetOrgPerson "
Henry;James;S001211;"uid=S001211,ou=Deaktiviert,ou=Verwaltung,dc=gertzenstein,dc=local,""inetOrgPerson "
Stephan;Janson;S001218;"uid=S001218,ou=Deaktiviert,ou=Verwaltung,dc=gertzenstein,dc=local,""inetOrgPerson "
Eva;Janzen;S001220;"uid=S001220,ou=Deaktiviert,ou=Verwaltung,dc=gertzenstein,dc=local,""inetOrgPerson "
Astrid;Jaeschke;S001224;"uid=S001224,ou=Deaktiviert,ou=Verwaltung,dc=gertzenstein,dc=local,""inetOrgPerson "
Reinhard;Jimenez;S001230;"uid=S001230,ou=Deaktiviert,ou=Verwaltung,dc=gertzenstein,dc=local,""inetOrgPerson "
Leander;John;S001231;"uid=S001231,ou=Deaktiviert,ou=Verwaltung,dc=gertzenstein,dc=local,""inetOrgPerson "
Till;Jones;S001236;"uid=S001236,ou=Deaktiviert,ou=Verwaltung,dc=gertzenstein,dc=local,""inetOrgPerson "
Timon;Jones;S001237;"uid=S001237,ou=Deaktiviert,ou=Verwaltung,dc=gertzenstein,dc=local,""inetOrgPerson "
Kai;Jordan;S001238;"uid=S001238,ou=Deaktiviert,ou=Verwaltung,dc=gertzenstein,dc=local,""inetOrgPerson "
Kimberley;Joerg;S001239;"uid=S001239,ou=Deaktiviert,ou=Verwaltung,dc=gertzenstein,dc=local,""inetOrgPerson "
Theresa;Joerg;S001241;"uid=S001241,ou=Deaktiviert,ou=Verwaltung,dc=gertzenstein,dc=local,""inetOrgPerson "
Leandro;Junker;S001245;"uid=S001245,ou=Deaktiviert,ou=Verwaltung,dc=gertzenstein,dc=local,""inetOrgPerson "
Matthias;Just;S001246;"uid=S001246,ou=Deaktiviert,ou=Verwaltung,dc=gertzenstein,dc=local,""inetOrgPerson "
Arthur;Kaden;S001248;"uid=S001248,ou=Deaktiviert,ou=Verwaltung,dc=gertzenstein,dc=local,""inetOrgPerson "
Jule;Kahle;S001253;"uid=S001253,ou=Deaktiviert,ou=Verwaltung,dc=gertzenstein,dc=local,""inetOrgPerson "
Leah;Kahlert;S001254;"uid=S001254,ou=Deaktiviert,ou=Verwaltung,dc=gertzenstein,dc=local,""inetOrgPerson "
Phillipp;Kaiser;S001258;"uid=S001258,ou=Deaktiviert,ou=Verwaltung,dc=gertzenstein,dc=local,""inetOrgPerson "
Annette;Kalisch;S001263;"uid=S001263,ou=Deaktiviert,ou=Verwaltung,dc=gertzenstein,dc=local,""inetOrgPerson "
Karl;Kaluza;S001265;"uid=S001265,ou=Deaktiviert,ou=Verwaltung,dc=gertzenstein,dc=local,""inetOrgPerson "
Mathis;Kamps;S001276;"uid=S001276,ou=Deaktiviert,ou=Verwaltung,dc=gertzenstein,dc=local,""inetOrgPerson "
Christof;Kaplan;S001281;"uid=S001281,ou=Deaktiviert,ou=Verwaltung,dc=gertzenstein,dc=local,""inetOrgPerson "
Yannik;Kappes;S001286;"uid=S001286,ou=Deaktiviert,ou=Verwaltung,dc=gertzenstein,dc=local,""inetOrgPerson "
Joern;Karcher;S001291;"uid=S001291,ou=Deaktiviert,ou=Verwaltung,dc=gertzenstein,dc=local,""inetOrgPerson "
Nelli;Karl;S001295;"uid=S001295,ou=Deaktiviert,ou=Verwaltung,dc=gertzenstein,dc=local,""inetOrgPerson "
Marina;Karrer;S001297;"uid=S001297,ou=Deaktiviert,ou=Verwaltung,dc=gertzenstein,dc=local,""inetOrgPerson "
Helena;Kath;S001312;"uid=S001312,ou=Deaktiviert,ou=Verwaltung,dc=gertzenstein,dc=local,""inetOrgPerson "
Lewin;Katzer;S001318;"uid=S001318,ou=Deaktiviert,ou=Verwaltung,dc=gertzenstein,dc=local,""inetOrgPerson "
Anneke;Kaufhold;S001320;"uid=S001320,ou=Deaktiviert,ou=Verwaltung,dc=gertzenstein,dc=local,""inetOrgPerson "
Emilie;Kegel;S001330;"uid=S001330,ou=Deaktiviert,ou=Verwaltung,dc=gertzenstein,dc=local,""inetOrgPerson "
Ute;Kehl;S001333;"uid=S001333,ou=Deaktiviert,ou=Verwaltung,dc=gertzenstein,dc=local,""inetOrgPerson "
Finnja;Keidel;S001334;"uid=S001334,ou=Deaktiviert,ou=Verwaltung,dc=gertzenstein,dc=local,""inetOrgPerson "
Gina;Keil;S001335;"uid=S001335,ou=Deaktiviert,ou=Verwaltung,dc=gertzenstein,dc=local,""inetOrgPerson "
Giulia;Kelley;S001340;"uid=S001340,ou=Deaktiviert,ou=Verwaltung,dc=gertzenstein,dc=local,""inetOrgPerson "
Dennis;Kellner;S001341;"uid=S001341,ou=Deaktiviert,ou=Verwaltung,dc=gertzenstein,dc=local,""inetOrgPerson "
Bastian;Kemper;S001351;"uid=S001351,ou=Deaktiviert,ou=Verwaltung,dc=gertzenstein,dc=local,""inetOrgPerson "
Rolf;Kilian;S001367;"uid=S001367,ou=Deaktiviert,ou=Verwaltung,dc=gertzenstein,dc=local,""inetOrgPerson "
Laila;Kim;S001369;"uid=S001369,ou=Deaktiviert,ou=Verwaltung,dc=gertzenstein,dc=local,""inetOrgPerson "
Ian;Kirchner;S001373;"uid=S001373,ou=Deaktiviert,ou=Verwaltung,dc=gertzenstein,dc=local,""inetOrgPerson "
Piet;Klatt;S001376;"uid=S001376,ou=Deaktiviert,ou=Verwaltung,dc=gertzenstein,dc=local,""inetOrgPerson "
Magdalena;Kleinert;S001383;"uid=S001383,ou=Deaktiviert,ou=Verwaltung,dc=gertzenstein,dc=local,""inetOrgPerson "
Falk;Klose;S001388;"uid=S001388,ou=Deaktiviert,ou=Verwaltung,dc=gertzenstein,dc=local,""inetOrgPerson "
Liah;Kluge;S001391;"uid=S001391,ou=Deaktiviert,ou=Verwaltung,dc=gertzenstein,dc=local,""inetOrgPerson "
Marta;Knorr;S001398;"uid=S001398,ou=Deaktiviert,ou=Verwaltung,dc=gertzenstein,dc=local,""inetOrgPerson "
Alena;Kolb;S001405;"uid=S001405,ou=Deaktiviert,ou=Verwaltung,dc=gertzenstein,dc=local,""inetOrgPerson "
Kay;Koenig;S001408;"uid=S001408,ou=Deaktiviert,ou=Verwaltung,dc=gertzenstein,dc=local,""inetOrgPerson "
Eric;Kopp;S001409;"uid=S001409,ou=Deaktiviert,ou=Verwaltung,dc=gertzenstein,dc=local,""inetOrgPerson "
Judith;Koerber;S001411;"uid=S001411,ou=Deaktiviert,ou=Verwaltung,dc=gertzenstein,dc=local,""inetOrgPerson "
Damian;Kranker;S001418;"uid=S001418,ou=Deaktiviert,ou=Verwaltung,dc=gertzenstein,dc=local,""inetOrgPerson "
Damian;Kramer;S001419;"uid=S001419,ou=Deaktiviert,ou=Verwaltung,dc=gertzenstein,dc=local,""inetOrgPerson "
Klara;Kraemer;S001421;"uid=S001421,ou=Deaktiviert,ou=Verwaltung,dc=gertzenstein,dc=local,""inetOrgPerson "
Joel;Kranz;S001422;"uid=S001422,ou=Deaktiviert,ou=Verwaltung,dc=gertzenstein,dc=local,""inetOrgPerson "
Nike;Krause;S001424;"uid=S001424,ou=Deaktiviert,ou=Verwaltung,dc=gertzenstein,dc=local,""inetOrgPerson "
Rosemarie;Kremer;S001429;"uid=S001429,ou=Deaktiviert,ou=Verwaltung,dc=gertzenstein,dc=local,""inetOrgPerson "
Kjell;Kretschmer;S001437;"uid=S001437,ou=Deaktiviert,ou=Verwaltung,dc=gertzenstein,dc=local,""inetOrgPerson "
Niko;Kretz;S001438;"uid=S001438,ou=Deaktiviert,ou=Verwaltung,dc=gertzenstein,dc=local,""inetOrgPerson "
Noah;Krey;S001445;"uid=S001445,ou=Deaktiviert,ou=Verwaltung,dc=gertzenstein,dc=local,""inetOrgPerson "
Hertha;Kroeber;S001452;"uid=S001452,ou=Deaktiviert,ou=Verwaltung,dc=gertzenstein,dc=local,""inetOrgPerson "
Liah;Krohn;S001454;"uid=S001454,ou=Deaktiviert,ou=Verwaltung,dc=gertzenstein,dc=local,""inetOrgPerson "
Falk;Kropp;S001472;"uid=S001472,ou=Deaktiviert,ou=Verwaltung,dc=gertzenstein,dc=local,""inetOrgPerson "
Sylvia;Kropp;S001473;"uid=S001473,ou=Deaktiviert,ou=Verwaltung,dc=gertzenstein,dc=local,""inetOrgPerson "
Marko;Kuhn;S001483;"uid=S001483,ou=Deaktiviert,ou=Verwaltung,dc=gertzenstein,dc=local,""inetOrgPerson "
Gertrud;Kuntz;S001491;"uid=S001491,ou=Deaktiviert,ou=Verwaltung,dc=gertzenstein,dc=local,""inetOrgPerson "
Keno;Kunze;S001493;"uid=S001493,ou=Deaktiviert,ou=Verwaltung,dc=gertzenstein,dc=local,""inetOrgPerson "
Herbert;Kueppers;S001497;"uid=S001497,ou=Deaktiviert,ou=Verwaltung,dc=gertzenstein,dc=local,""inetOrgPerson "
Joana;Labyrinth;S001502;"uid=S001502,ou=Deaktiviert,ou=Verwaltung,dc=gertzenstein,dc=local,""inetOrgPerson "
Niklas;Lamb;S001506;"uid=S001506,ou=Deaktiviert,ou=Verwaltung,dc=gertzenstein,dc=local,""inetOrgPerson "
Carin;Lamers;S001509;"uid=S001509,ou=Deaktiviert,ou=Verwaltung,dc=gertzenstein,dc=local,""inetOrgPerson "
Celina;Lampert;S001515;"uid=S001515,ou=Deaktiviert,ou=Verwaltung,dc=gertzenstein,dc=local,""inetOrgPerson "
Matthis;Land;S001519;"uid=S001519,ou=Deaktiviert,ou=Verwaltung,dc=gertzenstein,dc=local,""inetOrgPerson "
Matthis;Langenbach;S001533;"uid=S001533,ou=Deaktiviert,ou=Verwaltung,dc=gertzenstein,dc=local,""inetOrgPerson "
Joana;Laskowski;S001545;"uid=S001545,ou=Deaktiviert,ou=Verwaltung,dc=gertzenstein,dc=local,""inetOrgPerson "
Dario;Lau;S001548;"uid=S001548,ou=Deaktiviert,ou=Verwaltung,dc=gertzenstein,dc=local,""inetOrgPerson "
Chantal;Lechner;S001558;"uid=S001558,ou=Deaktiviert,ou=Verwaltung,dc=gertzenstein,dc=local,""inetOrgPerson "
Andre;Lehr;S001569;"uid=S001569,ou=Deaktiviert,ou=Verwaltung,dc=gertzenstein,dc=local,""inetOrgPerson "
Nik;Lindemann;S001576;"uid=S001576,ou=Deaktiviert,ou=Verwaltung,dc=gertzenstein,dc=local,""inetOrgPerson "
Georg;Linke;S001587;"uid=S001587,ou=Deaktiviert,ou=Verwaltung,dc=gertzenstein,dc=local,""inetOrgPerson "
Lili;Long;S001606;"uid=S001606,ou=Deaktiviert,ou=Verwaltung,dc=gertzenstein,dc=local,""inetOrgPerson "
Michelle;Lueck;S001618;"uid=S001618,ou=Deaktiviert,ou=Verwaltung,dc=gertzenstein,dc=local,""inetOrgPerson "
Mila;Ludwig;S001621;"uid=S001621,ou=Deaktiviert,ou=Verwaltung,dc=gertzenstein,dc=local,""inetOrgPerson "
Alina;Lukas;S001623;"uid=S001623,ou=Deaktiviert,ou=Verwaltung,dc=gertzenstein,dc=local,""inetOrgPerson "
Madeleine;Lukas;S001625;"uid=S001625,ou=Deaktiviert,ou=Verwaltung,dc=gertzenstein,dc=local,""inetOrgPerson "
Swen;Lueth;S001632;"uid=S001632,ou=Deaktiviert,ou=Verwaltung,dc=gertzenstein,dc=local,""inetOrgPerson "
Tore;Mahnke;S001652;"uid=S001652,ou=Deaktiviert,ou=Verwaltung,dc=gertzenstein,dc=local,""inetOrgPerson "
Greta;Malek;S001662;"uid=S001662,ou=Deaktiviert,ou=Verwaltung,dc=gertzenstein,dc=local,""inetOrgPerson "
Erika;Mandel;S001669;"uid=S001669,ou=Deaktiviert,ou=Verwaltung,dc=gertzenstein,dc=local,""inetOrgPerson "
Lennox;Mandel;S001670;"uid=S001670,ou=Deaktiviert,ou=Verwaltung,dc=gertzenstein,dc=local,""inetOrgPerson "
Pia;Mang;S001672;"uid=S001672,ou=Deaktiviert,ou=Verwaltung,dc=gertzenstein,dc=local,""inetOrgPerson "
Stephan;Mangold;S001673;"uid=S001673,ou=Deaktiviert,ou=Verwaltung,dc=gertzenstein,dc=local,""inetOrgPerson "
Lyn;Manske;S001678;"uid=S001678,ou=Deaktiviert,ou=Verwaltung,dc=gertzenstein,dc=local,""inetOrgPerson "
Lyn;Marks;S001689;"uid=S001689,ou=Deaktiviert,ou=Verwaltung,dc=gertzenstein,dc=local,""inetOrgPerson "
Mike;Markus;S001691;"uid=S001691,ou=Deaktiviert,ou=Verwaltung,dc=gertzenstein,dc=local,""inetOrgPerson "
Daniela;Marquardt;S001692;"uid=S001692,ou=Deaktiviert,ou=Verwaltung,dc=gertzenstein,dc=local,""inetOrgPerson "
Chantalle;Marquart;S001693;"uid=S001693,ou=Deaktiviert,ou=Verwaltung,dc=gertzenstein,dc=local,""inetOrgPerson "
Christina;Marten;S001697;"uid=S001697,ou=Deaktiviert,ou=Verwaltung,dc=gertzenstein,dc=local,""inetOrgPerson "
Dilara;Martens;S001699;"uid=S001699,ou=Deaktiviert,ou=Verwaltung,dc=gertzenstein,dc=local,""inetOrgPerson "
Kjell;Martens;S001700;"uid=S001700,ou=Deaktiviert,ou=Verwaltung,dc=gertzenstein,dc=local,""inetOrgPerson "
Alena;Martinez;S001705;"uid=S001705,ou=Deaktiviert,ou=Verwaltung,dc=gertzenstein,dc=local,""inetOrgPerson "
Christopher;Martinez;S001706;"uid=S001706,ou=Deaktiviert,ou=Verwaltung,dc=gertzenstein,dc=local,""inetOrgPerson "
Alissa;Matthes;S001711;"uid=S001711,ou=Deaktiviert,ou=Verwaltung,dc=gertzenstein,dc=local,""inetOrgPerson "
Herbert;Maxwell;S001714;"uid=S001714,ou=Deaktiviert,ou=Verwaltung,dc=gertzenstein,dc=local,""inetOrgPerson "
Claas;May;S001716;"uid=S001716,ou=Deaktiviert,ou=Verwaltung,dc=gertzenstein,dc=local,""inetOrgPerson "
Sina;May;S001718;"uid=S001718,ou=Deaktiviert,ou=Verwaltung,dc=gertzenstein,dc=local,""inetOrgPerson "
Walther;Meier;S001731;"uid=S001731,ou=Deaktiviert,ou=Verwaltung,dc=gertzenstein,dc=local,""inetOrgPerson "
Ronja;Meilen;S001732;"uid=S001732,ou=Deaktiviert,ou=Verwaltung,dc=gertzenstein,dc=local,""inetOrgPerson "
Jannes;Meister;S001734;"uid=S001734,ou=Deaktiviert,ou=Verwaltung,dc=gertzenstein,dc=local,""inetOrgPerson "
Sabrina;Meister;S001735;"uid=S001735,ou=Deaktiviert,ou=Verwaltung,dc=gertzenstein,dc=local,""inetOrgPerson "
Selin;Michaelis;S001758;"uid=S001758,ou=Deaktiviert,ou=Verwaltung,dc=gertzenstein,dc=local,""inetOrgPerson "
Niklas;Moeller;S001771;"uid=S001771,ou=Deaktiviert,ou=Verwaltung,dc=gertzenstein,dc=local,""inetOrgPerson "
Marcel;Montgomery;S001773;"uid=S001773,ou=Deaktiviert,ou=Verwaltung,dc=gertzenstein,dc=local,""inetOrgPerson "
Henry;Moore;S001778;"uid=S001778,ou=Deaktiviert,ou=Verwaltung,dc=gertzenstein,dc=local,""inetOrgPerson "
Jeremie;Morales;S001783;"uid=S001783,ou=Deaktiviert,ou=Verwaltung,dc=gertzenstein,dc=local,""inetOrgPerson "
Malte;Moreno;S001784;"uid=S001784,ou=Deaktiviert,ou=Verwaltung,dc=gertzenstein,dc=local,""inetOrgPerson "
Klaas;Morton;S001789;"uid=S001789,ou=Deaktiviert,ou=Verwaltung,dc=gertzenstein,dc=local,""inetOrgPerson "
Michel;Moessner;S001795;"uid=S001795,ou=Deaktiviert,ou=Verwaltung,dc=gertzenstein,dc=local,""inetOrgPerson "
Benjamin;Mucha;S001797;"uid=S001797,ou=Deaktiviert,ou=Verwaltung,dc=gertzenstein,dc=local,""inetOrgPerson "
Milan;Muehl;S001801;"uid=S001801,ou=Deaktiviert,ou=Verwaltung,dc=gertzenstein,dc=local,""inetOrgPerson "
Fritz;Muller;S001806;"uid=S001806,ou=Deaktiviert,ou=Verwaltung,dc=gertzenstein,dc=local,""inetOrgPerson "
Joerg;Mundt;S001812;"uid=S001812,ou=Deaktiviert,ou=Verwaltung,dc=gertzenstein,dc=local,""inetOrgPerson "
Hendrik;Murray;S001824;"uid=S001824,ou=Deaktiviert,ou=Verwaltung,dc=gertzenstein,dc=local,""inetOrgPerson "
Viktoria;Musiol;S001829;"uid=S001829,ou=Deaktiviert,ou=Verwaltung,dc=gertzenstein,dc=local,""inetOrgPerson "
Milena;Naber;S001834;"uid=S001834,ou=Deaktiviert,ou=Verwaltung,dc=gertzenstein,dc=local,""inetOrgPerson "
Aaron;Nachtigall;S001837;"uid=S001837,ou=Deaktiviert,ou=Verwaltung,dc=gertzenstein,dc=local,""inetOrgPerson "
Isabelle;Naegele;S001840;"uid=S001840,ou=Deaktiviert,ou=Verwaltung,dc=gertzenstein,dc=local,""inetOrgPerson "
Luc;Nash;S001843;"uid=S001843,ou=Deaktiviert,ou=Verwaltung,dc=gertzenstein,dc=local,""inetOrgPerson "
Jonna;Neal;S001846;"uid=S001846,ou=Deaktiviert,ou=Verwaltung,dc=gertzenstein,dc=local,""inetOrgPerson "
Jeremie;Nebel;S001848;"uid=S001848,ou=Deaktiviert,ou=Verwaltung,dc=gertzenstein,dc=local,""inetOrgPerson "
Juergen;Nebel;S001849;"uid=S001849,ou=Deaktiviert,ou=Verwaltung,dc=gertzenstein,dc=local,""inetOrgPerson "
Emely;Neef;S001850;"uid=S001850,ou=Deaktiviert,ou=Verwaltung,dc=gertzenstein,dc=local,""inetOrgPerson "
Anneke;Neuber;S001860;"uid=S001860,ou=Deaktiviert,ou=Verwaltung,dc=gertzenstein,dc=local,""inetOrgPerson "
Anton;Neubert;S001864;"uid=S001864,ou=Deaktiviert,ou=Verwaltung,dc=gertzenstein,dc=local,""inetOrgPerson "
Joana;Neugebauer;S001866;"uid=S001866,ou=Deaktiviert,ou=Verwaltung,dc=gertzenstein,dc=local,""inetOrgPerson "
Mathis;Newman;S001871;"uid=S001871,ou=Deaktiviert,ou=Verwaltung,dc=gertzenstein,dc=local,""inetOrgPerson "
Sam;Newton;S001873;"uid=S001873,ou=Deaktiviert,ou=Verwaltung,dc=gertzenstein,dc=local,""inetOrgPerson "
Jil;Nichols;S001875;"uid=S001875,ou=Deaktiviert,ou=Verwaltung,dc=gertzenstein,dc=local,""inetOrgPerson "
Nikolas;Noll;S001883;"uid=S001883,ou=Deaktiviert,ou=Verwaltung,dc=gertzenstein,dc=local,""inetOrgPerson "
Karsten;Nolte;S001885;"uid=S001885,ou=Deaktiviert,ou=Verwaltung,dc=gertzenstein,dc=local,""inetOrgPerson "
Manuel;Norton;S001888;"uid=S001888,ou=Deaktiviert,ou=Verwaltung,dc=gertzenstein,dc=local,""inetOrgPerson "
Ida;Noetzel;S001889;"uid=S001889,ou=Deaktiviert,ou=Verwaltung,dc=gertzenstein,dc=local,""inetOrgPerson "
Jonas;Nowak;S001892;"uid=S001892,ou=Deaktiviert,ou=Verwaltung,dc=gertzenstein,dc=local,""inetOrgPerson "
Milan;Oberlaender;S001897;"uid=S001897,ou=Deaktiviert,ou=Verwaltung,dc=gertzenstein,dc=local,""inetOrgPerson "
Chiara;Oberle;S001899;"uid=S001899,ou=Deaktiviert,ou=Verwaltung,dc=gertzenstein,dc=local,""inetOrgPerson "
Emelie;Oberle;S001900;"uid=S001900,ou=Deaktiviert,ou=Verwaltung,dc=gertzenstein,dc=local,""inetOrgPerson "
Chiara;Obermeier;S001903;"uid=S001903,ou=Deaktiviert,ou=Verwaltung,dc=gertzenstein,dc=local,""inetOrgPerson "
Denis;Oliver;S001911;"uid=S001911,ou=Deaktiviert,ou=Verwaltung,dc=gertzenstein,dc=local,""inetOrgPerson "
Nikolas;Olson;S001913;"uid=S001913,ou=Deaktiviert,ou=Verwaltung,dc=gertzenstein,dc=local,""inetOrgPerson "
Kira;Otterbach;S001931;"uid=S001931,ou=Deaktiviert,ou=Verwaltung,dc=gertzenstein,dc=local,""inetOrgPerson "
Milan;Overbeck;S001934;"uid=S001934,ou=Deaktiviert,ou=Verwaltung,dc=gertzenstein,dc=local,""inetOrgPerson "
Merle;Owen;S001935;"uid=S001935,ou=Deaktiviert,ou=Verwaltung,dc=gertzenstein,dc=local,""inetOrgPerson "
Brigitte;Pabst;S001940;"uid=S001940,ou=Deaktiviert,ou=Verwaltung,dc=gertzenstein,dc=local,""inetOrgPerson "
Friederike;Page;S001944;"uid=S001944,ou=Deaktiviert,ou=Verwaltung,dc=gertzenstein,dc=local,""inetOrgPerson "
Janina;Pagel;S001946;"uid=S001946,ou=Deaktiviert,ou=Verwaltung,dc=gertzenstein,dc=local,""inetOrgPerson "
Leonard;Palm;S001948;"uid=S001948,ou=Deaktiviert,ou=Verwaltung,dc=gertzenstein,dc=local,""inetOrgPerson "
Vivien;Park;S001952;"uid=S001952,ou=Deaktiviert,ou=Verwaltung,dc=gertzenstein,dc=local,""inetOrgPerson "
Laurenz;Parsons;S001955;"uid=S001955,ou=Deaktiviert,ou=Verwaltung,dc=gertzenstein,dc=local,""inetOrgPerson "
Jannick;Pasch;S001956;"uid=S001956,ou=Deaktiviert,ou=Verwaltung,dc=gertzenstein,dc=local,""inetOrgPerson "
Bruno;Patzelt;S001961;"uid=S001961,ou=Deaktiviert,ou=Verwaltung,dc=gertzenstein,dc=local,""inetOrgPerson "
Jonathan;Pauly;S001970;"uid=S001970,ou=Deaktiviert,ou=Verwaltung,dc=gertzenstein,dc=local,""inetOrgPerson "
Niels;Pausch;S001972;"uid=S001972,ou=Deaktiviert,ou=Verwaltung,dc=gertzenstein,dc=local,""inetOrgPerson "
Andr;Pech;S001973;"uid=S001973,ou=Deaktiviert,ou=Verwaltung,dc=gertzenstein,dc=local,""inetOrgPerson "
Marah;Pech;S001974;"uid=S001974,ou=Deaktiviert,ou=Verwaltung,dc=gertzenstein,dc=local,""inetOrgPerson "
Bennet;Peetz;S001976;"uid=S001976,ou=Deaktiviert,ou=Verwaltung,dc=gertzenstein,dc=local,""inetOrgPerson "
Georg;Pelz;S001979;"uid=S001979,ou=Deaktiviert,ou=Verwaltung,dc=gertzenstein,dc=local,""inetOrgPerson "
Maximilian;Pelzer;S001981;"uid=S001981,ou=Deaktiviert,ou=Verwaltung,dc=gertzenstein,dc=local,""inetOrgPerson "
Johann;Pena;S001982;"uid=S001982,ou=Deaktiviert,ou=Verwaltung,dc=gertzenstein,dc=local,""inetOrgPerson "
Janne;Peschke;S001989;"uid=S001989,ou=Deaktiviert,ou=Verwaltung,dc=gertzenstein,dc=local,""inetOrgPerson "
Martina;Petermann;S001991;"uid=S001991,ou=Deaktiviert,ou=Verwaltung,dc=gertzenstein,dc=local,""inetOrgPerson "
Henri;Petersen;S001994;"uid=S001994,ou=Deaktiviert,ou=Verwaltung,dc=gertzenstein,dc=local,""inetOrgPerson "
Klara;Petry;S001995;"uid=S001995,ou=Deaktiviert,ou=Verwaltung,dc=gertzenstein,dc=local,""inetOrgPerson "
Christa;Pfaff;S001997;"uid=S001997,ou=Deaktiviert,ou=Verwaltung,dc=gertzenstein,dc=local,""inetOrgPerson "
Kathrin;Phelps;S002007;"uid=S002007,ou=Deaktiviert,ou=Verwaltung,dc=gertzenstein,dc=local,""inetOrgPerson "
Kian;Potter;S002025;"uid=S002025,ou=Deaktiviert,ou=Verwaltung,dc=gertzenstein,dc=local,""inetOrgPerson "
Timm;Powell;S002029;"uid=S002029,ou=Deaktiviert,ou=Verwaltung,dc=gertzenstein,dc=local,""inetOrgPerson "
Jette;Price;S002034;"uid=S002034,ou=Deaktiviert,ou=Verwaltung,dc=gertzenstein,dc=local,""inetOrgPerson "
Maike;Price;S002037;"uid=S002037,ou=Deaktiviert,ou=Verwaltung,dc=gertzenstein,dc=local,""inetOrgPerson "
Lynn;Provinzial;S002043;"uid=S002043,ou=Deaktiviert,ou=Verwaltung,dc=gertzenstein,dc=local,""inetOrgPerson "
Hertha;Putz;S002049;"uid=S002049,ou=Deaktiviert,ou=Verwaltung,dc=gertzenstein,dc=local,""inetOrgPerson "
Joelle;Putz;S002050;"uid=S002050,ou=Deaktiviert,ou=Verwaltung,dc=gertzenstein,dc=local,""inetOrgPerson "
Ida;Puetz;S002052;"uid=S002052,ou=Deaktiviert,ou=Verwaltung,dc=gertzenstein,dc=local,""inetOrgPerson "
Hannah;Raab;S002055;"uid=S002055,ou=Deaktiviert,ou=Verwaltung,dc=gertzenstein,dc=local,""inetOrgPerson "
Yannick;Rach;S002061;"uid=S002061,ou=Deaktiviert,ou=Verwaltung,dc=gertzenstein,dc=local,""inetOrgPerson "
Tom;Radermacher;S002069;"uid=S002069,ou=Deaktiviert,ou=Verwaltung,dc=gertzenstein,dc=local,""inetOrgPerson "
Diana;Ramirez;S002075;"uid=S002075,ou=Deaktiviert,ou=Verwaltung,dc=gertzenstein,dc=local,""inetOrgPerson "
Luka;Ramirez;S002076;"uid=S002076,ou=Deaktiviert,ou=Verwaltung,dc=gertzenstein,dc=local,""inetOrgPerson "
Astrid;Ramsey;S002077;"uid=S002077,ou=Deaktiviert,ou=Verwaltung,dc=gertzenstein,dc=local,""inetOrgPerson "
Erna;Rank;S002082;"uid=S002082,ou=Deaktiviert,ou=Verwaltung,dc=gertzenstein,dc=local,""inetOrgPerson "
Frank;Rauch;S002092;"uid=S002092,ou=Deaktiviert,ou=Verwaltung,dc=gertzenstein,dc=local,""inetOrgPerson "
Nadine;Rauch;S002093;"uid=S002093,ou=Deaktiviert,ou=Verwaltung,dc=gertzenstein,dc=local,""inetOrgPerson "
Diana;Reese;S002099;"uid=S002099,ou=Deaktiviert,ou=Verwaltung,dc=gertzenstein,dc=local,""inetOrgPerson "
Emely;Reeves;S002101;"uid=S002101,ou=Deaktiviert,ou=Verwaltung,dc=gertzenstein,dc=local,""inetOrgPerson "
Christoph;Reichert;S002106;"uid=S002106,ou=Deaktiviert,ou=Verwaltung,dc=gertzenstein,dc=local,""inetOrgPerson "
Ingeborg;Reiff;S002113;"uid=S002113,ou=Deaktiviert,ou=Verwaltung,dc=gertzenstein,dc=local,""inetOrgPerson "
Juri;Reiff;S002114;"uid=S002114,ou=Deaktiviert,ou=Verwaltung,dc=gertzenstein,dc=local,""inetOrgPerson "
Irmgart;Reineke;S002131;"uid=S002131,ou=Deaktiviert,ou=Verwaltung,dc=gertzenstein,dc=local,""inetOrgPerson "
Marike;Reineke;S002132;"uid=S002132,ou=Deaktiviert,ou=Verwaltung,dc=gertzenstein,dc=local,""inetOrgPerson "
Justin;Reinhard;S002138;"uid=S002138,ou=Deaktiviert,ou=Verwaltung,dc=gertzenstein,dc=local,""inetOrgPerson "
Emilia;Reinhardt;S002139;"uid=S002139,ou=Deaktiviert,ou=Verwaltung,dc=gertzenstein,dc=local,""inetOrgPerson "
Viktoria;Reinhart;S002143;"uid=S002143,ou=Deaktiviert,ou=Verwaltung,dc=gertzenstein,dc=local,""inetOrgPerson "
Diana;Reinicke;S002145;"uid=S002145,ou=Deaktiviert,ou=Verwaltung,dc=gertzenstein,dc=local,""inetOrgPerson "
Katja;Reinicke;S002146;"uid=S002146,ou=Deaktiviert,ou=Verwaltung,dc=gertzenstein,dc=local,""inetOrgPerson "
Lothar;Reisinger;S002155;"uid=S002155,ou=Deaktiviert,ou=Verwaltung,dc=gertzenstein,dc=local,""inetOrgPerson "
Gert;Reissmann;S002158;"uid=S002158,ou=Deaktiviert,ou=Verwaltung,dc=gertzenstein,dc=local,""inetOrgPerson "
Jessica;Renate;S002163;"uid=S002163,ou=Deaktiviert,ou=Verwaltung,dc=gertzenstein,dc=local,""inetOrgPerson "
Stina;Renate;S002165;"uid=S002165,ou=Deaktiviert,ou=Verwaltung,dc=gertzenstein,dc=local,""inetOrgPerson "
Helga;Rentschler;S002170;"uid=S002170,ou=Deaktiviert,ou=Verwaltung,dc=gertzenstein,dc=local,""inetOrgPerson "
Isabell;Rettig;S002173;"uid=S002173,ou=Deaktiviert,ou=Verwaltung,dc=gertzenstein,dc=local,""inetOrgPerson "
Niclas;Reuss;S002176;"uid=S002176,ou=Deaktiviert,ou=Verwaltung,dc=gertzenstein,dc=local,""inetOrgPerson "
Frederik;Reuther;S002177;"uid=S002177,ou=Deaktiviert,ou=Verwaltung,dc=gertzenstein,dc=local,""inetOrgPerson "
Maria;Reuther;S002178;"uid=S002178,ou=Deaktiviert,ou=Verwaltung,dc=gertzenstein,dc=local,""inetOrgPerson "
Ruth;Rex;S002180;"uid=S002180,ou=Deaktiviert,ou=Verwaltung,dc=gertzenstein,dc=local,""inetOrgPerson "
Kaya;Rhodes;S002184;"uid=S002184,ou=Deaktiviert,ou=Verwaltung,dc=gertzenstein,dc=local,""inetOrgPerson "
Marah;Rieger;S002191;"uid=S002191,ou=Deaktiviert,ou=Verwaltung,dc=gertzenstein,dc=local,""inetOrgPerson "
Janne;Ries;S002193;"uid=S002193,ou=Deaktiviert,ou=Verwaltung,dc=gertzenstein,dc=local,""inetOrgPerson "
Kaja;Ritter;S002196;"uid=S002196,ou=Deaktiviert,ou=Verwaltung,dc=gertzenstein,dc=local,""inetOrgPerson "
Andrea;Robertson;S002199;"uid=S002199,ou=Deaktiviert,ou=Verwaltung,dc=gertzenstein,dc=local,""inetOrgPerson "
Sarah;Robinson;S002200;"uid=S002200,ou=Deaktiviert,ou=Verwaltung,dc=gertzenstein,dc=local,""inetOrgPerson "
Birgit;Rodriguez;S002204;"uid=S002204,ou=Deaktiviert,ou=Verwaltung,dc=gertzenstein,dc=local,""inetOrgPerson "
Marvin;Rodriguez;S002207;"uid=S002207,ou=Deaktiviert,ou=Verwaltung,dc=gertzenstein,dc=local,""inetOrgPerson "
Robin;Rodriquez;S002211;"uid=S002211,ou=Deaktiviert,ou=Verwaltung,dc=gertzenstein,dc=local,""inetOrgPerson "
Inga;Rogers;S002213;"uid=S002213,ou=Deaktiviert,ou=Verwaltung,dc=gertzenstein,dc=local,""inetOrgPerson "
Bruno;Rosenthal;S002225;"uid=S002225,ou=Deaktiviert,ou=Verwaltung,dc=gertzenstein,dc=local,""inetOrgPerson "
Hanna;Rowe;S002238;"uid=S002238,ou=Deaktiviert,ou=Verwaltung,dc=gertzenstein,dc=local,""inetOrgPerson "
Keno;Rudolph;S002240;"uid=S002240,ou=Deaktiviert,ou=Verwaltung,dc=gertzenstein,dc=local,""inetOrgPerson "
Luka;Ruf;S002241;"uid=S002241,ou=Deaktiviert,ou=Verwaltung,dc=gertzenstein,dc=local,""inetOrgPerson "
Andreas;Ruiz;S002244;"uid=S002244,ou=Deaktiviert,ou=Verwaltung,dc=gertzenstein,dc=local,""inetOrgPerson "
Jannes;Ruppert;S002247;"uid=S002247,ou=Deaktiviert,ou=Verwaltung,dc=gertzenstein,dc=local,""inetOrgPerson "
Anika;Rupprecht;S002248;"uid=S002248,ou=Deaktiviert,ou=Verwaltung,dc=gertzenstein,dc=local,""inetOrgPerson "
Jasmin;Saal;S002252;"uid=S002252,ou=Deaktiviert,ou=Verwaltung,dc=gertzenstein,dc=local,""inetOrgPerson "
Ida;Sachs;S002257;"uid=S002257,ou=Deaktiviert,ou=Verwaltung,dc=gertzenstein,dc=local,""inetOrgPerson "
Emilie;Sahin;S002260;"uid=S002260,ou=Deaktiviert,ou=Verwaltung,dc=gertzenstein,dc=local,""inetOrgPerson "
Maria;Sahin;S002261;"uid=S002261,ou=Deaktiviert,ou=Verwaltung,dc=gertzenstein,dc=local,""inetOrgPerson "
Hans;Sailer;S002263;"uid=S002263,ou=Deaktiviert,ou=Verwaltung,dc=gertzenstein,dc=local,""inetOrgPerson "
Alisa;Salazar;S002264;"uid=S002264,ou=Deaktiviert,ou=Verwaltung,dc=gertzenstein,dc=local,""inetOrgPerson "
Giulia;Sattler;S002283;"uid=S002283,ou=Deaktiviert,ou=Verwaltung,dc=gertzenstein,dc=local,""inetOrgPerson "
Ole;Saul;S002286;"uid=S002286,ou=Deaktiviert,ou=Verwaltung,dc=gertzenstein,dc=local,""inetOrgPerson "
Frida;Saunders;S002288;"uid=S002288,ou=Deaktiviert,ou=Verwaltung,dc=gertzenstein,dc=local,""inetOrgPerson "
Dominic;Sauter;S002293;"uid=S002293,ou=Deaktiviert,ou=Verwaltung,dc=gertzenstein,dc=local,""inetOrgPerson "
Christa;Schaaf;S002297;"uid=S002297,ou=Deaktiviert,ou=Verwaltung,dc=gertzenstein,dc=local,""inetOrgPerson "
Kirsten;Schacht;S002302;"uid=S002302,ou=Deaktiviert,ou=Verwaltung,dc=gertzenstein,dc=local,""inetOrgPerson "
Johannes;Schaeffer;S002305;"uid=S002305,ou=Deaktiviert,ou=Verwaltung,dc=gertzenstein,dc=local,""inetOrgPerson "
Ronja;Schaefer;S002311;"uid=S002311,ou=Deaktiviert,ou=Verwaltung,dc=gertzenstein,dc=local,""inetOrgPerson "
Christin;Schaeffler;S002317;"uid=S002317,ou=Deaktiviert,ou=Verwaltung,dc=gertzenstein,dc=local,""inetOrgPerson "
Viktoria;Schalk;S002320;"uid=S002320,ou=Deaktiviert,ou=Verwaltung,dc=gertzenstein,dc=local,""inetOrgPerson "
Hertha;Schardt;S002324;"uid=S002324,ou=Deaktiviert,ou=Verwaltung,dc=gertzenstein,dc=local,""inetOrgPerson "
Harald;Schatz;S002325;"uid=S002325,ou=Deaktiviert,ou=Verwaltung,dc=gertzenstein,dc=local,""inetOrgPerson "
Mirko;Schatz;S002327;"uid=S002327,ou=Deaktiviert,ou=Verwaltung,dc=gertzenstein,dc=local,""inetOrgPerson "
Mathis;Schell;S002340;"uid=S002340,ou=Deaktiviert,ou=Verwaltung,dc=gertzenstein,dc=local,""inetOrgPerson "
Anne;Schick;S002344;"uid=S002344,ou=Deaktiviert,ou=Verwaltung,dc=gertzenstein,dc=local,""inetOrgPerson "
Christoph;Schiffer;S002349;"uid=S002349,ou=Deaktiviert,ou=Verwaltung,dc=gertzenstein,dc=local,""inetOrgPerson "
Viktoria;Schirmer;S002352;"uid=S002352,ou=Deaktiviert,ou=Verwaltung,dc=gertzenstein,dc=local,""inetOrgPerson "
Markus;Schmied;S002358;"uid=S002358,ou=Deaktiviert,ou=Verwaltung,dc=gertzenstein,dc=local,""inetOrgPerson "
Celina;Schnell;S002366;"uid=S002366,ou=Deaktiviert,ou=Verwaltung,dc=gertzenstein,dc=local,""inetOrgPerson "
Bernt;Schoenfeld;S002376;"uid=S002376,ou=Deaktiviert,ou=Verwaltung,dc=gertzenstein,dc=local,""inetOrgPerson "
Kaete;Schoenfeld;S002377;"uid=S002377,ou=Deaktiviert,ou=Verwaltung,dc=gertzenstein,dc=local,""inetOrgPerson "
Uwe;Schrader;S002384;"uid=S002384,ou=Deaktiviert,ou=Verwaltung,dc=gertzenstein,dc=local,""inetOrgPerson "
Laurin;Schramm;S002387;"uid=S002387,ou=Deaktiviert,ou=Verwaltung,dc=gertzenstein,dc=local,""inetOrgPerson "
Rafael;Schubert;S002395;"uid=S002395,ou=Deaktiviert,ou=Verwaltung,dc=gertzenstein,dc=local,""inetOrgPerson "
Kay;Schuhmacher;S002399;"uid=S002399,ou=Deaktiviert,ou=Verwaltung,dc=gertzenstein,dc=local,""inetOrgPerson "
Jeremy;Schueler;S002403;"uid=S002403,ou=Deaktiviert,ou=Verwaltung,dc=gertzenstein,dc=local,""inetOrgPerson "
Helene;Schuermann;S002412;"uid=S002412,ou=Deaktiviert,ou=Verwaltung,dc=gertzenstein,dc=local,""inetOrgPerson "
Jonah;Schuessler;S002413;"uid=S002413,ou=Deaktiviert,ou=Verwaltung,dc=gertzenstein,dc=local,""inetOrgPerson "
Maurice;Schuessler;S002414;"uid=S002414,ou=Deaktiviert,ou=Verwaltung,dc=gertzenstein,dc=local,""inetOrgPerson "
Niclas;Schuster;S002416;"uid=S002416,ou=Deaktiviert,ou=Verwaltung,dc=gertzenstein,dc=local,""inetOrgPerson "
Lili;Schuette;S002417;"uid=S002417,ou=Deaktiviert,ou=Verwaltung,dc=gertzenstein,dc=local,""inetOrgPerson "
Lina;Schwabe;S002424;"uid=S002424,ou=Deaktiviert,ou=Verwaltung,dc=gertzenstein,dc=local,""inetOrgPerson "
Sylvia;Schwabe;S002425;"uid=S002425,ou=Deaktiviert,ou=Verwaltung,dc=gertzenstein,dc=local,""inetOrgPerson "
Chiara;Schwager;S002428;"uid=S002428,ou=Deaktiviert,ou=Verwaltung,dc=gertzenstein,dc=local,""inetOrgPerson "
Dagmar;Schwalbe;S002431;"uid=S002431,ou=Deaktiviert,ou=Verwaltung,dc=gertzenstein,dc=local,""inetOrgPerson "
Georg;Schwalm;S002432;"uid=S002432,ou=Deaktiviert,ou=Verwaltung,dc=gertzenstein,dc=local,""inetOrgPerson "
Maxim;Schwanke;S002434;"uid=S002434,ou=Deaktiviert,ou=Verwaltung,dc=gertzenstein,dc=local,""inetOrgPerson "
Tomas;Schwartz;S002435;"uid=S002435,ou=Deaktiviert,ou=Verwaltung,dc=gertzenstein,dc=local,""inetOrgPerson "
Helene;Schwegler;S002442;"uid=S002442,ou=Deaktiviert,ou=Verwaltung,dc=gertzenstein,dc=local,""inetOrgPerson "
Henriette;Schweikert;S002445;"uid=S002445,ou=Deaktiviert,ou=Verwaltung,dc=gertzenstein,dc=local,""inetOrgPerson "
Marvin;Schweikert;S002447;"uid=S002447,ou=Deaktiviert,ou=Verwaltung,dc=gertzenstein,dc=local,""inetOrgPerson "
Paulina;Schwer;S002454;"uid=S002454,ou=Deaktiviert,ou=Verwaltung,dc=gertzenstein,dc=local,""inetOrgPerson "
Jenny;Schwerdtfeger;S002455;"uid=S002455,ou=Deaktiviert,ou=Verwaltung,dc=gertzenstein,dc=local,""inetOrgPerson "
Gudrun;Schwindt;S002458;"uid=S002458,ou=Deaktiviert,ou=Verwaltung,dc=gertzenstein,dc=local,""inetOrgPerson "
Rudolf;Schwoerer;S002461;"uid=S002461,ou=Deaktiviert,ou=Verwaltung,dc=gertzenstein,dc=local,""inetOrgPerson "
Rasmus;Sedlmeier;S002462;"uid=S002462,ou=Deaktiviert,ou=Verwaltung,dc=gertzenstein,dc=local,""inetOrgPerson "
Gerhardt;Seeber;S002463;"uid=S002463,ou=Deaktiviert,ou=Verwaltung,dc=gertzenstein,dc=local,""inetOrgPerson "
Martin;Seeberger;S002465;"uid=S002465,ou=Deaktiviert,ou=Verwaltung,dc=gertzenstein,dc=local,""inetOrgPerson "
Mads;Seidl;S002486;"uid=S002486,ou=Deaktiviert,ou=Verwaltung,dc=gertzenstein,dc=local,""inetOrgPerson "
Jannick;Seite;S002493;"uid=S002493,ou=Deaktiviert,ou=Verwaltung,dc=gertzenstein,dc=local,""inetOrgPerson "
Silas;Sharp;S002514;"uid=S002514,ou=Deaktiviert,ou=Verwaltung,dc=gertzenstein,dc=local,""inetOrgPerson "
Bjarne;Sherman;S002518;"uid=S002518,ou=Deaktiviert,ou=Verwaltung,dc=gertzenstein,dc=local,""inetOrgPerson "
Swenja;Sieben;S002521;"uid=S002521,ou=Deaktiviert,ou=Verwaltung,dc=gertzenstein,dc=local,""inetOrgPerson "
Chantal;Siegel;S002527;"uid=S002527,ou=Deaktiviert,ou=Verwaltung,dc=gertzenstein,dc=local,""inetOrgPerson "
Gertrud;Siemer;S002535;"uid=S002535,ou=Deaktiviert,ou=Verwaltung,dc=gertzenstein,dc=local,""inetOrgPerson "
Fiona;Sievert;S002542;"uid=S002542,ou=Deaktiviert,ou=Verwaltung,dc=gertzenstein,dc=local,""inetOrgPerson "
Celine;Siewert;S002543;"uid=S002543,ou=Deaktiviert,ou=Verwaltung,dc=gertzenstein,dc=local,""inetOrgPerson "
Miguel;Simmons;S002553;"uid=S002553,ou=Deaktiviert,ou=Verwaltung,dc=gertzenstein,dc=local,""inetOrgPerson "
Nina;Six;S002563;"uid=S002563,ou=Deaktiviert,ou=Verwaltung,dc=gertzenstein,dc=local,""inetOrgPerson "
Ian;Sonne;S002573;"uid=S002573,ou=Deaktiviert,ou=Verwaltung,dc=gertzenstein,dc=local,""inetOrgPerson "
Ronja;Soto;S002580;"uid=S002580,ou=Deaktiviert,ou=Verwaltung,dc=gertzenstein,dc=local,""inetOrgPerson "
Nelly;Spang;S002583;"uid=S002583,ou=Deaktiviert,ou=Verwaltung,dc=gertzenstein,dc=local,""inetOrgPerson "
Kira;Spindler;S002591;"uid=S002591,ou=Deaktiviert,ou=Verwaltung,dc=gertzenstein,dc=local,""inetOrgPerson "
Niclas;Spindler;S002592;"uid=S002592,ou=Deaktiviert,ou=Verwaltung,dc=gertzenstein,dc=local,""inetOrgPerson "
Elfriede;Stahl;S002600;"uid=S002600,ou=Deaktiviert,ou=Verwaltung,dc=gertzenstein,dc=local,""inetOrgPerson "
Matti;Stanley;S002606;"uid=S002606,ou=Deaktiviert,ou=Verwaltung,dc=gertzenstein,dc=local,""inetOrgPerson "
Annika;Stefan;S002613;"uid=S002613,ou=Deaktiviert,ou=Verwaltung,dc=gertzenstein,dc=local,""inetOrgPerson "
Kristina;Steffens;S002616;"uid=S002616,ou=Deaktiviert,ou=Verwaltung,dc=gertzenstein,dc=local,""inetOrgPerson "
Hertha;Steinke;S002619;"uid=S002619,ou=Deaktiviert,ou=Verwaltung,dc=gertzenstein,dc=local,""inetOrgPerson "
Jeremy;Steinke;S002622;"uid=S002622,ou=Deaktiviert,ou=Verwaltung,dc=gertzenstein,dc=local,""inetOrgPerson "
Rudolf;Steuermann;S002627;"uid=S002627,ou=Deaktiviert,ou=Verwaltung,dc=gertzenstein,dc=local,""inetOrgPerson "
Kai;Stock;S002632;"uid=S002632,ou=Deaktiviert,ou=Verwaltung,dc=gertzenstein,dc=local,""inetOrgPerson "
Luis;Stoll;S002638;"uid=S002638,ou=Deaktiviert,ou=Verwaltung,dc=gertzenstein,dc=local,""inetOrgPerson "
Joelina;Stolz;S002640;"uid=S002640,ou=Deaktiviert,ou=Verwaltung,dc=gertzenstein,dc=local,""inetOrgPerson "
Kristine;Strahl;S002642;"uid=S002642,ou=Deaktiviert,ou=Verwaltung,dc=gertzenstein,dc=local,""inetOrgPerson "
Lena;Summers;S002656;"uid=S002656,ou=Deaktiviert,ou=Verwaltung,dc=gertzenstein,dc=local,""inetOrgPerson "
Erich;Swanson;S002659;"uid=S002659,ou=Deaktiviert,ou=Verwaltung,dc=gertzenstein,dc=local,""inetOrgPerson "
Collin;Tauber;S002667;"uid=S002667,ou=Deaktiviert,ou=Verwaltung,dc=gertzenstein,dc=local,""inetOrgPerson "
Natalie;Tauber;S002669;"uid=S002669,ou=Deaktiviert,ou=Verwaltung,dc=gertzenstein,dc=local,""inetOrgPerson "
Eileen;Taubert;S002670;"uid=S002670,ou=Deaktiviert,ou=Verwaltung,dc=gertzenstein,dc=local,""inetOrgPerson "
Ingo;Temme;S002678;"uid=S002678,ou=Deaktiviert,ou=Verwaltung,dc=gertzenstein,dc=local,""inetOrgPerson "
Philip;Tempel;S002680;"uid=S002680,ou=Deaktiviert,ou=Verwaltung,dc=gertzenstein,dc=local,""inetOrgPerson "
Luke;Terry;S002683;"uid=S002683,ou=Deaktiviert,ou=Verwaltung,dc=gertzenstein,dc=local,""inetOrgPerson "
Swen;Terry;S002685;"uid=S002685,ou=Deaktiviert,ou=Verwaltung,dc=gertzenstein,dc=local,""inetOrgPerson "
Max;Tews;S002693;"uid=S002693,ou=Deaktiviert,ou=Verwaltung,dc=gertzenstein,dc=local,""inetOrgPerson "
Mandy;Theis;S002696;"uid=S002696,ou=Deaktiviert,ou=Verwaltung,dc=gertzenstein,dc=local,""inetOrgPerson "
Svea;Thies;S002705;"uid=S002705,ou=Deaktiviert,ou=Verwaltung,dc=gertzenstein,dc=local,""inetOrgPerson "
Bettina;Thoma;S002706;"uid=S002706,ou=Deaktiviert,ou=Verwaltung,dc=gertzenstein,dc=local,""inetOrgPerson "
Samira;Toelle;S002714;"uid=S002714,ou=Deaktiviert,ou=Verwaltung,dc=gertzenstein,dc=local,""inetOrgPerson "
Mattis;Toennies;S002717;"uid=S002717,ou=Deaktiviert,ou=Verwaltung,dc=gertzenstein,dc=local,""inetOrgPerson "
Adrian;Townsend;S002719;"uid=S002719,ou=Deaktiviert,ou=Verwaltung,dc=gertzenstein,dc=local,""inetOrgPerson "
Cornelia;Traut;S002722;"uid=S002722,ou=Deaktiviert,ou=Verwaltung,dc=gertzenstein,dc=local,""inetOrgPerson "
Eric;Traut;S002723;"uid=S002723,ou=Deaktiviert,ou=Verwaltung,dc=gertzenstein,dc=local,""inetOrgPerson "
Finnja;Triebel;S002725;"uid=S002725,ou=Deaktiviert,ou=Verwaltung,dc=gertzenstein,dc=local,""inetOrgPerson "
Franziska;Troeger;S002726;"uid=S002726,ou=Deaktiviert,ou=Verwaltung,dc=gertzenstein,dc=local,""inetOrgPerson "
Lili;Troeger;S002727;"uid=S002727,ou=Deaktiviert,ou=Verwaltung,dc=gertzenstein,dc=local,""inetOrgPerson "
Alissa;Trost;S002728;"uid=S002728,ou=Deaktiviert,ou=Verwaltung,dc=gertzenstein,dc=local,""inetOrgPerson "
Mathias;Trost;S002729;"uid=S002729,ou=Deaktiviert,ou=Verwaltung,dc=gertzenstein,dc=local,""inetOrgPerson "
Kiara;Ufer;S002735;"uid=S002735,ou=Deaktiviert,ou=Verwaltung,dc=gertzenstein,dc=local,""inetOrgPerson "
Henry;Unger;S002750;"uid=S002750,ou=Deaktiviert,ou=Verwaltung,dc=gertzenstein,dc=local,""inetOrgPerson "
Juli;Vatter;S002756;"uid=S002756,ou=Deaktiviert,ou=Verwaltung,dc=gertzenstein,dc=local,""inetOrgPerson "
Reinhardt;Viessmann;S002770;"uid=S002770,ou=Deaktiviert,ou=Verwaltung,dc=gertzenstein,dc=local,""inetOrgPerson "
Jona;Wachsmuth;S002780;"uid=S002780,ou=Deaktiviert,ou=Verwaltung,dc=gertzenstein,dc=local,""inetOrgPerson "
Roman;Wagner;S002788;"uid=S002788,ou=Deaktiviert,ou=Verwaltung,dc=gertzenstein,dc=local,""inetOrgPerson "
Kurt;Wald;S002793;"uid=S002793,ou=Deaktiviert,ou=Verwaltung,dc=gertzenstein,dc=local,""inetOrgPerson "
Michael;Wall;S002798;"uid=S002798,ou=Deaktiviert,ou=Verwaltung,dc=gertzenstein,dc=local,""inetOrgPerson "
Robin;Waller;S002799;"uid=S002799,ou=Deaktiviert,ou=Verwaltung,dc=gertzenstein,dc=local,""inetOrgPerson "
Noah;Walmer;S002802;"uid=S002802,ou=Deaktiviert,ou=Verwaltung,dc=gertzenstein,dc=local,""inetOrgPerson "
Noah;Wallner;S002803;"uid=S002803,ou=Deaktiviert,ou=Verwaltung,dc=gertzenstein,dc=local,""inetOrgPerson "
Danny;Wanderer;S002805;"uid=S002805,ou=Deaktiviert,ou=Verwaltung,dc=gertzenstein,dc=local,""inetOrgPerson "
Liam;Watkins;S002817;"uid=S002817,ou=Deaktiviert,ou=Verwaltung,dc=gertzenstein,dc=local,""inetOrgPerson "
Kjell;Webb;S002826;"uid=S002826,ou=Deaktiviert,ou=Verwaltung,dc=gertzenstein,dc=local,""inetOrgPerson "
Lucia;Wecker;S002827;"uid=S002827,ou=Deaktiviert,ou=Verwaltung,dc=gertzenstein,dc=local,""inetOrgPerson "
Johann;Wedemeyer;S002830;"uid=S002830,ou=Deaktiviert,ou=Verwaltung,dc=gertzenstein,dc=local,""inetOrgPerson "
Mario;Wegener;S002833;"uid=S002833,ou=Deaktiviert,ou=Verwaltung,dc=gertzenstein,dc=local,""inetOrgPerson "
Laurenz;Weger;S002834;"uid=S002834,ou=Deaktiviert,ou=Verwaltung,dc=gertzenstein,dc=local,""inetOrgPerson "
Christel;Wei;S002853;"uid=S002853,ou=Deaktiviert,ou=Verwaltung,dc=gertzenstein,dc=local,""inetOrgPerson "
Petra;Wells;S002857;"uid=S002857,ou=Deaktiviert,ou=Verwaltung,dc=gertzenstein,dc=local,""inetOrgPerson "
Jette;Wetzel;S002864;"uid=S002864,ou=Deaktiviert,ou=Verwaltung,dc=gertzenstein,dc=local,""inetOrgPerson "
Janina;Widmann;S002867;"uid=S002867,ou=Deaktiviert,ou=Verwaltung,dc=gertzenstein,dc=local,""inetOrgPerson "
Chantall;Wienecke;S002872;"uid=S002872,ou=Deaktiviert,ou=Verwaltung,dc=gertzenstein,dc=local,""inetOrgPerson "
Konstantin;Wienecke;S002875;"uid=S002875,ou=Deaktiviert,ou=Verwaltung,dc=gertzenstein,dc=local,""inetOrgPerson "
Volker;Williamson;S002905;"uid=S002905,ou=Deaktiviert,ou=Verwaltung,dc=gertzenstein,dc=local,""inetOrgPerson "
Gabriele;Willis;S002906;"uid=S002906,ou=Deaktiviert,ou=Verwaltung,dc=gertzenstein,dc=local,""inetOrgPerson "
Emilie;Winter;S002912;"uid=S002912,ou=Deaktiviert,ou=Verwaltung,dc=gertzenstein,dc=local,""inetOrgPerson "
Laila;Wise;S002916;"uid=S002916,ou=Deaktiviert,ou=Verwaltung,dc=gertzenstein,dc=local,""inetOrgPerson "
Maya;Wittmann;S002923;"uid=S002923,ou=Deaktiviert,ou=Verwaltung,dc=gertzenstein,dc=local,""inetOrgPerson "
Robert;Wittmann;S002924;"uid=S002924,ou=Deaktiviert,ou=Verwaltung,dc=gertzenstein,dc=local,""inetOrgPerson "
Herta;Wolfe;S002927;"uid=S002927,ou=Deaktiviert,ou=Verwaltung,dc=gertzenstein,dc=local,""inetOrgPerson "
Dagmar;Wolff;S002928;"uid=S002928,ou=Deaktiviert,ou=Verwaltung,dc=gertzenstein,dc=local,""inetOrgPerson "
Norbert;Wolter;S002930;"uid=S002930,ou=Deaktiviert,ou=Verwaltung,dc=gertzenstein,dc=local,""inetOrgPerson "
Louis;Wong;S002932;"uid=S002932,ou=Deaktiviert,ou=Verwaltung,dc=gertzenstein,dc=local,""inetOrgPerson "
Mira;Woerner;S002935;"uid=S002935,ou=Deaktiviert,ou=Verwaltung,dc=gertzenstein,dc=local,""inetOrgPerson "
Levin;Young;S002944;"uid=S002944,ou=Deaktiviert,ou=Verwaltung,dc=gertzenstein,dc=local,""inetOrgPerson "
Laurin;Zabel;S002945;"uid=S002945,ou=Deaktiviert,ou=Verwaltung,dc=gertzenstein,dc=local,""inetOrgPerson "
Malte;Zach;S002946;"uid=S002946,ou=Deaktiviert,ou=Verwaltung,dc=gertzenstein,dc=local,""inetOrgPerson "
Fiona;Zeiler;S002953;"uid=S002953,ou=Deaktiviert,ou=Verwaltung,dc=gertzenstein,dc=local,""inetOrgPerson "
Fabio;Zimmerman;S002972;"uid=S002972,ou=Deaktiviert,ou=Verwaltung,dc=gertzenstein,dc=local,""inetOrgPerson "
Karoline;Zimmermann;S002973;"uid=S002973,ou=Deaktiviert,ou=Verwaltung,dc=gertzenstein,dc=local,""inetOrgPerson "
Moritz;Zimmermann;S002974;"uid=S002974,ou=Deaktiviert,ou=Verwaltung,dc=gertzenstein,dc=local,""inetOrgPerson "
Barbara;Zinn;S002976;"uid=S002976,ou=Deaktiviert,ou=Verwaltung,dc=gertzenstein,dc=local,""inetOrgPerson "
;;;
;;;
;;;01.02.2003
